<?xml version="1.0" encoding="utf-8" standalone="yes"?>
<rss version="2.0" xmlns:atom="http://www.w3.org/2005/Atom">
  <channel>
    <title>Ambrosia on Ambrosia Law</title>
    <link>https://ambrosialaw.com/tags/ambrosia/</link>
    <description>Recent content in Ambrosia on Ambrosia Law</description>
    <generator>Hugo -- gohugo.io</generator>
    <language>en-US</language>
    <lastBuildDate>Sun, 28 Oct 2018 00:00:00 +0000</lastBuildDate>
    
	<atom:link href="https://ambrosialaw.com/tags/ambrosia/index.xml" rel="self" type="application/rss+xml" />
    
    
    <item>
      <title>Hello, World!</title>
      <link>https://ambrosialaw.com/hello-world/</link>
      <pubDate>Sun, 28 Oct 2018 00:00:00 +0000</pubDate>
      
      <guid>https://ambrosialaw.com/hello-world/</guid>
      <description>Hello, World! Hello, World!  Hello, World!
Hello, World! As is tradition.
 in the begining was the Word.  </description>
    </item>
    
  </channel>
</rss>