<?xml version="1.0" encoding="utf-8" standalone="yes"?>
<rss version="2.0" xmlns:atom="http://www.w3.org/2005/Atom">
  <channel>
    <title>Ambrosia Law</title>
    <link>https://ambrosialaw.com/</link>
    <description>Recent content on Ambrosia Law</description>
    <generator>Hugo -- gohugo.io</generator>
    <language>en-US</language>
    <lastBuildDate>Fri, 23 Nov 2018 00:00:00 +0000</lastBuildDate>
    
	<atom:link href="https://ambrosialaw.com/index.xml" rel="self" type="application/rss+xml" />
    
    
    <item>
      <title>About</title>
      <link>https://ambrosialaw.com/about/</link>
      <pubDate>Fri, 23 Nov 2018 00:00:00 +0000</pubDate>
      
      <guid>https://ambrosialaw.com/about/</guid>
      <description> Ambrosia is a blog about the law. 🏛️ 🧐 ⚖️
 </description>
    </item>
    
    <item>
      <title>Hello, World!</title>
      <link>https://ambrosialaw.com/hello-world/</link>
      <pubDate>Sun, 28 Oct 2018 00:00:00 +0000</pubDate>
      
      <guid>https://ambrosialaw.com/hello-world/</guid>
      <description>Hello, World! Hello, World!  Hello, World!
Hello, World! As is tradition.
 in the begining was the Word.  </description>
    </item>
    
    <item>
      <title>Home</title>
      <link>https://ambrosialaw.com/home/</link>
      <pubDate>Mon, 01 Jan 0001 00:00:00 +0000</pubDate>
      
      <guid>https://ambrosialaw.com/home/</guid>
      <description></description>
    </item>
    
    <item>
      <title>License</title>
      <link>https://ambrosialaw.com/license/</link>
      <pubDate>Mon, 01 Jan 0001 00:00:00 +0000</pubDate>
      
      <guid>https://ambrosialaw.com/license/</guid>
      <description> Copyright (c) Ambrosia&amp;lt;&amp;gt;
   </description>
    </item>
    
  </channel>
</rss>