<?xml version="1.0" encoding="utf-8" standalone="yes"?>
<rss version="2.0" xmlns:atom="http://www.w3.org/2005/Atom">
  <channel>
    <title>Tags on Ambrosia Law</title>
    <link>https://ambrosialaw.com/tags/</link>
    <description>Recent content in Tags on Ambrosia Law</description>
    <generator>Hugo -- gohugo.io</generator>
    <language>en-US</language>
    <lastBuildDate>Sun, 28 Oct 2018 00:00:00 +0000</lastBuildDate>
    
	<atom:link href="https://ambrosialaw.com/tags/index.xml" rel="self" type="application/rss+xml" />
    
    
    <item>
      <title>Ambrosia</title>
      <link>https://ambrosialaw.com/tags/ambrosia/</link>
      <pubDate>Sun, 28 Oct 2018 00:00:00 +0000</pubDate>
      
      <guid>https://ambrosialaw.com/tags/ambrosia/</guid>
      <description></description>
    </item>
    
    <item>
      <title>Law</title>
      <link>https://ambrosialaw.com/tags/law/</link>
      <pubDate>Sun, 28 Oct 2018 00:00:00 +0000</pubDate>
      
      <guid>https://ambrosialaw.com/tags/law/</guid>
      <description></description>
    </item>
    
  </channel>
</rss>